0.000000,-501.371000,-0.001000,0.000000,0.000000,0.000000
0.050000,-501.368044,-0.001138,0.000078,0.190217,5.643067
0.100000,-501.352315,-0.001157,-0.000571,0.485428,4.741332
0.150000,-501.323348,-0.001783,-0.002340,0.758768,5.601938
0.200000,-501.279721,-0.003534,-0.005016,1.059243,6.016297
0.250000,-501.219002,-0.006587,-0.007764,1.372592,6.010316
0.300000,-501.142270,-0.011049,-0.010519,1.631416,4.532521
0.350000,-501.053028,-0.016549,-0.013217,1.874754,4.487682
0.400000,-500.952073,-0.022957,-0.016214,2.129544,1.215141
0.450000,-500.839116,-0.030545,-0.019805,2.397473,9.762291
0.500000,-500.713969,-0.039283,-0.023884,2.644719,5.293228
0.550000,-500.576769,-0.049523,-0.028488,2.862153,3.032643
0.600000,-500.427726,-0.061297,-0.033439,3.095738,3.842222
0.650000,-500.266966,-0.074771,-0.038672,3.331351,2.895575
0.700000,-500.094522,-0.090162,-0.044302,3.569497,4.134320
0.750000,-499.910448,-0.107440,-0.050107,3.809179,4.925543
0.800000,-499.714774,-0.126885,-0.056136,4.048311,6.167076
0.850000,-499.507430,-0.148631,-0.062492,4.284386,8.506217
0.900000,-499.288404,-0.172753,-0.069106,4.517993,4.566300
0.950000,-499.057715,-0.199207,-0.075726,4.753476,5.249145
1.000000,-498.815352,-0.228137,-0.082296,4.992801,4.569918
1.050000,-498.561300,-0.259702,-0.088914,5.233034,4.890278
1.100000,-498.295620,-0.294032,-0.095560,5.469541,4.139188
1.150000,-498.018364,-0.331245,-0.102161,5.707921,4.550533
1.200000,-497.729498,-0.371388,-0.108647,5.946485,4.292055
1.250000,-497.428968,-0.414537,-0.115020,6.186547,4.827896
1.300000,-497.116810,-0.460687,-0.121196,6.424037,4.243013
1.350000,-496.793103,-0.509820,-0.127047,6.661365,4.901229
1.400000,-496.457884,-0.561901,-0.132499,6.893358,4.263145
1.450000,-496.111911,-0.616765,-0.137264,7.106342,3.781434
1.500000,-495.755591,-0.674182,-0.141401,7.318498,4.241526
1.550000,-495.388969,-0.733999,-0.145019,7.530969,4.110209
1.600000,-495.011987,-0.796084,-0.148077,7.744779,4.167593
1.650000,-494.624532,-0.860372,-0.150567,7.959298,4.131715
1.700000,-494.226483,-0.926674,-0.152478,8.175749,4.292246
1.750000,-493.817761,-0.994834,-0.153833,8.392444,4.577000
1.800000,-493.398301,-1.064647,-0.154632,8.610046,4.279874
1.850000,-492.968055,-1.136029,-0.154915,8.829090,4.257332
1.900000,-492.526955,-1.208791,-0.154697,9.048042,4.343093
1.950000,-492.074868,-1.282593,-0.153853,9.269738,4.854966
2.000000,-491.611620,-1.357133,-0.152344,9.493150,4.236675
2.050000,-491.137116,-1.432407,-0.150395,9.716877,3.029879
2.100000,-490.651340,-1.508314,-0.148152,9.942882,4.149294
2.150000,-490.154176,-1.584589,-0.145526,10.172270,4.922982
2.200000,-489.645139,-1.660987,-0.142466,10.415939,5.268610
2.250000,-489.122979,-1.737102,-0.139095,10.680554,3.578547
2.300000,-488.589736,-1.811594,-0.136736,10.847575,3.181412
2.350000,-488.047827,-1.884811,-0.134954,11.013370,3.598431
2.400000,-487.497483,-1.957331,-0.133115,11.180496,3.332418
2.450000,-486.938778,-2.029615,-0.130993,11.348608,3.338513
2.500000,-486.371668,-2.101739,-0.128620,11.515167,3.306418
2.550000,-485.796052,-2.173063,-0.125881,11.680634,3.133964
2.600000,-485.211901,-2.243104,-0.122747,11.846879,3.502424
2.650000,-484.619234,-2.311969,-0.119376,12.013182,3.162947
2.700000,-484.018090,-2.379936,-0.115855,12.179945,3.929682
2.750000,-483.408450,-2.446766,-0.112093,12.346251,2.906309
2.800000,-482.790291,-2.512049,-0.108170,12.511999,3.285509
2.850000,-482.163612,-2.575719,-0.104331,12.678898,2.756448
2.900000,-481.528410,-2.637778,-0.100419,12.845671,3.121174
2.950000,-480.884707,-2.698361,-0.096389,13.011533,3.386045
3.000000,-480.232519,-2.757570,-0.092544,13.177961,3.288297
3.050000,-479.571832,-2.815110,-0.088827,13.344866,3.372461
3.100000,-478.902652,-2.870911,-0.085148,13.511003,3.424841
3.150000,-478.224988,-2.925035,-0.081485,13.677939,3.720911
3.200000,-477.538852,-2.977508,-0.077834,13.843367,3.088053
3.250000,-476.844243,-3.028256,-0.074258,14.010399,3.375092
3.300000,-476.141154,-3.076968,-0.070580,14.176559,3.354053
3.350000,-475.429599,-3.123692,-0.066904,14.342807,3.420604
3.400000,-474.709586,-3.168538,-0.063316,14.509576,3.682306
3.450000,-473.981118,-3.211374,-0.059661,14.675385,3.316755
3.500000,-473.244211,-3.252249,-0.056094,14.841922,3.253040
3.550000,-472.498866,-3.291190,-0.052726,15.008375,3.038443
3.600000,-471.745088,-3.328079,-0.049370,15.174786,2.963641
3.650000,-470.982883,-3.362835,-0.045952,15.340874,2.922327
3.700000,-470.212254,-3.395307,-0.042471,15.507385,3.480556
3.750000,-469.433222,-3.425610,-0.039108,15.673656,3.504092
3.800000,-468.645785,-3.453978,-0.035973,15.840488,3.869739
3.850000,-467.849952,-3.480401,-0.032905,16.006475,3.144778
3.900000,-467.045730,-3.504728,-0.029861,16.172557,3.193950
3.950000,-466.233124,-3.526745,-0.026828,16.339085,3.128834
4.000000,-465.412138,-3.546385,-0.023765,16.505641,3.436872
4.050000,-464.582780,-3.563721,-0.020639,16.671858,3.200170
4.100000,-463.745057,-3.578768,-0.017471,16.838099,3.141299
4.150000,-462.898978,-3.591418,-0.014321,17.004164,2.918605
4.200000,-462.044550,-3.601573,-0.011224,17.170686,3.301694
4.250000,-461.181778,-3.609021,-0.008014,17.337195,3.377766
4.300000,-460.310674,-3.613613,-0.004605,17.503192,2.787736
4.350000,-459.431251,-3.615384,-0.001187,17.669213,3.050962
4.400000,-458.543511,-3.614417,0.002117,17.835826,3.198245
4.450000,-457.647458,-3.610872,0.005236,18.002495,3.508527
4.500000,-456.743098,-3.604666,0.008280,18.168882,3.251162
4.550000,-455.830449,-3.595635,0.011311,18.334592,2.850090
4.600000,-454.909517,-3.583866,0.014176,18.501517,3.483529
4.650000,-453.980299,-3.569369,0.016983,18.667768,3.177669
4.700000,-453.042811,-3.552190,0.019815,18.833730,2.884710
4.750000,-452.097051,-3.532478,0.022484,19.000460,3.459465
4.800000,-451.143027,-3.510133,0.025044,19.166938,3.186541
4.850000,-450.180956,-3.485123,0.027575,19.321617,2.387865
4.900000,-449.211532,-3.457474,0.030089,19.462575,2.283347
4.950000,-448.235477,-3.427168,0.032621,19.589802,2.255416
5.000000,-447.253438,-3.394184,0.035155,19.705979,2.867616
5.050000,-446.265997,-3.358543,0.037700,19.810021,1.687401
5.100000,-445.273663,-3.320302,0.040223,19.906062,2.067789
5.150000,-444.276908,-3.279522,0.042712,19.991704,1.292318
5.200000,-443.276151,-3.236255,0.045117,20.070275,1.214230
5.250000,-442.271795,-3.190326,0.047597,20.140831,1.572106
5.300000,-441.264194,-3.141802,0.050072,20.204348,0.474247
5.350000,-440.253654,-3.090806,0.052459,20.263366,1.042481
5.400000,-439.240457,-3.037499,0.054736,20.315962,0.772362
5.450000,-438.224859,-2.982027,0.056845,20.364817,1.431250
5.500000,-437.207105,-2.924254,0.058929,20.407758,0.700823
5.550000,-436.187411,-2.864271,0.060912,20.447096,0.569120
5.600000,-435.165962,-2.802244,0.062748,20.482833,0.821929
5.650000,-434.142931,-2.738166,0.064607,20.515386,0.352089
5.700000,-433.118473,-2.672183,0.066395,20.544820,0.663850
5.750000,-432.092728,-2.604391,0.068020,20.571545,0.294675
5.800000,-431.065821,-2.534918,0.069497,20.596091,0.265026
5.850000,-430.037857,-2.463949,0.070821,20.617960,0.663817
5.900000,-429.008954,-2.391391,0.072160,20.638380,0.408585
5.950000,-427.979206,-2.317290,0.073453,20.656746,0.664546
6.000000,-426.948703,-2.241729,0.074664,20.672854,0.501183
6.050000,-425.917530,-2.164652,0.075974,20.688028,0.261477
6.100000,-424.885751,-2.086182,0.077304,20.700973,0.078585
6.150000,-423.853429,-2.006377,0.078562,20.713745,0.406948
6.200000,-422.820637,-1.925100,0.079871,20.724556,-0.230446
6.250000,-421.787422,-1.842458,0.081157,20.735481,1.104701
6.300000,-420.753824,-1.758587,0.082340,20.743425,-0.242805
6.350000,-419.719895,-1.673422,0.083536,20.752796,0.603891
6.400000,-418.685669,-1.587067,0.084651,20.759826,-0.469027
6.450000,-417.651174,-1.499638,0.085611,20.766710,-0.376410
6.500000,-416.616446,-1.411109,0.086553,20.773284,0.504914
6.550000,-415.581503,-1.321637,0.087408,20.778894,0.030340
6.600000,-414.546361,-1.231360,0.088105,20.783917,0.463251
6.650000,-413.511051,-1.140231,0.088777,20.788502,0.875558
6.700000,-412.475584,-1.048388,0.089367,20.792317,0.135663
6.750000,-411.439966,-0.955974,0.089825,20.796327,-0.003173
6.800000,-410.404219,-0.862946,0.090288,20.799537,-0.292134
6.850000,-409.368353,-0.769416,0.090696,20.802586,-0.209355
6.900000,-408.332369,-0.675490,0.090993,20.805942,-0.125820
6.950000,-407.296290,-0.581106,0.091319,20.808999,0.228126
7.000000,-406.260121,-0.486376,0.091613,20.810567,-0.106864
7.050000,-405.228946,-0.391841,0.091803,20.563697,-6.728871
7.100000,-404.211385,-0.298455,0.091887,20.281415,-4.928049
7.150000,-403.207951,-0.206368,0.091921,20.001475,-6.257840
7.200000,-402.219299,-0.115378,0.092081,19.704981,-5.680306
7.250000,-401.245549,-0.025484,0.092214,19.411066,-3.912281
7.300000,-400.286297,0.063327,0.092327,19.119628,-9.908674
7.350000,-399.341333,0.150909,0.092472,18.835458,-6.899612
7.400000,-398.410710,0.236925,0.092476,18.546928,-6.026874
7.450000,-397.494527,0.321497,0.092420,18.256782,-4.186979
7.500000,-396.592772,0.404788,0.092326,17.965803,-7.772809
7.550000,-395.705389,0.486695,0.092093,17.679656,-4.674032
7.600000,-394.832364,0.567011,0.091765,17.389834,-7.775034
7.650000,-393.973696,0.645549,0.091384,17.100281,-7.125992
7.700000,-393.129393,0.722327,0.090936,16.811484,-3.985202
7.750000,-392.299460,0.797501,0.090421,16.523367,-4.688637
7.800000,-391.483905,0.871162,0.089910,16.234139,-5.148577
7.850000,-390.682728,0.943278,0.089487,15.945389,-6.170408
7.900000,-389.895924,1.013821,0.089185,15.655550,-5.843089
7.950000,-389.123501,1.082870,0.088978,15.366795,-3.632406
8.000000,-388.365449,1.150334,0.088679,15.077542,-4.806772
8.050000,-387.619270,1.216429,0.088294,14.923708,-3.354397
8.100000,-386.878194,1.281836,0.088057,14.860089,0.354334
8.150000,-386.139297,1.346486,0.087873,14.835664,-1.281527
8.200000,-385.400546,1.410606,0.087601,14.847818,0.512963
8.250000,-384.660383,1.474713,0.087274,14.886453,0.927690
8.300000,-383.917558,1.538943,0.086830,14.948369,1.828289
8.350000,-383.171048,1.603133,0.086314,15.028702,1.712769
8.400000,-382.420018,1.667053,0.085752,15.125304,2.901866
8.450000,-381.663808,1.730726,0.085077,15.235540,3.297442
8.500000,-380.901874,1.794479,0.084356,15.355583,2.159153
8.550000,-380.133723,1.858335,0.083548,15.483437,3.582290
8.600000,-379.358926,1.922101,0.082680,15.617653,2.718889
8.650000,-378.577158,1.985703,0.081866,15.758187,2.798575
8.700000,-377.788178,2.049249,0.081089,15.903235,2.427884
8.750000,-376.991799,2.112794,0.080215,16.052776,2.675297
8.800000,-376.187849,2.176220,0.079213,16.204966,2.872288
8.850000,-375.376174,2.239386,0.078205,16.359944,2.726682
8.900000,-374.556640,2.302261,0.077206,16.517398,3.345612
8.950000,-373.729157,2.364961,0.076175,16.676035,3.056254
9.000000,-372.893661,2.427532,0.075099,16.835831,3.022515
9.050000,-372.050086,2.489842,0.074007,16.997435,4.500498
9.100000,-371.198369,2.551721,0.072898,17.158709,2.837531
9.150000,-370.338460,2.613116,0.071726,17.322462,3.187449
9.200000,-369.470325,2.674035,0.070445,17.486255,3.573027
9.250000,-368.593936,2.734399,0.069048,17.649816,2.810872
9.300000,-367.709262,2.794030,0.067552,17.814386,3.364240
9.350000,-366.816272,2.852766,0.065956,17.979065,2.936087
9.400000,-365.914950,2.910646,0.064320,18.144749,2.949719
9.450000,-365.005290,2.967730,0.062685,18.310004,3.188155
9.500000,-364.087284,3.023880,0.060982,18.475246,3.326557
9.550000,-363.160914,3.078873,0.059185,18.641412,3.406331
9.600000,-362.226168,3.132614,0.057343,18.806683,2.875399
9.650000,-361.283034,3.185114,0.055466,18.972653,2.894501
9.700000,-360.331511,3.236279,0.053453,19.139061,3.288289
9.750000,-359.371772,3.285998,0.051361,19.295580,2.839726
9.800000,-358.404417,3.334085,0.049233,19.438733,2.925005
9.850000,-357.430143,3.380432,0.047034,19.568547,2.991103
9.900000,-356.449605,3.424988,0.044737,19.685677,2.108468
9.950000,-355.463394,3.467630,0.042336,19.792302,1.719842
10.000000,-354.472027,3.508166,0.039857,19.888973,1.965442
10.050000,-353.475969,3.546424,0.037286,19.976983,1.997491
10.100000,-352.475654,3.582418,0.034685,20.056255,1.516418
10.150000,-351.471474,3.616068,0.032007,20.128252,1.010252
10.200000,-350.463790,3.647223,0.029230,20.193656,1.548016
10.250000,-349.452924,3.675786,0.026432,20.252692,0.955449
10.300000,-348.439169,3.701604,0.023554,20.306331,0.945957
10.350000,-347.422793,3.724584,0.020545,20.355349,0.956528
10.400000,-346.404042,3.744695,0.017471,20.399156,0.505900
10.450000,-345.383137,3.761768,0.014305,20.439114,0.513473
10.500000,-344.360280,3.775640,0.011020,20.475245,0.387538
10.550000,-343.335658,3.786273,0.007678,20.508681,0.707756
10.600000,-342.309442,3.793645,0.004304,20.538324,0.698110
10.650000,-341.281791,3.797633,0.000852,20.565333,0.297932
10.700000,-340.252850,3.798075,-0.002701,20.589861,0.443237
10.750000,-339.222749,3.794900,-0.006296,20.612098,-0.040520
10.800000,-338.191609,3.788089,-0.009922,20.632440,-0.090126
10.850000,-337.159547,3.777553,-0.013640,20.650571,1.199364
10.900000,-336.126666,3.763153,-0.017473,20.667888,0.147177
10.950000,-335.093069,3.744793,-0.021360,20.681987,0.181974
11.000000,-334.058842,3.722431,-0.025285,20.695467,0.076339
11.050000,-333.024066,3.696071,-0.029256,20.707744,0.210620
11.100000,-331.988816,3.665678,-0.033263,20.719155,0.129057
11.150000,-330.953177,3.631058,-0.037359,20.728714,0.370062
11.200000,-329.917222,3.592022,-0.041590,20.738296,0.727588
11.250000,-328.881016,3.548514,-0.045936,20.746314,0.389122
11.300000,-327.844621,3.500511,-0.050393,20.753550,0.462571
11.350000,-326.808097,3.447955,-0.054939,20.760092,0.142416
11.400000,-325.771507,3.390725,-0.059552,20.765859,0.114022
11.450000,-324.734905,3.328700,-0.064226,20.771604,-0.481288
11.500000,-323.698349,3.261797,-0.068983,20.776629,0.242449
11.550000,-322.661892,3.189955,-0.073835,20.780851,0.014033
11.600000,-321.625598,3.113010,-0.078828,20.784395,0.045164
11.650000,-320.589527,3.030778,-0.083985,20.787986,-0.006226
11.700000,-319.553731,2.943151,-0.089272,20.791133,-0.103805
11.750000,-318.518262,2.850070,-0.094676,20.794573,-0.059667
11.800000,-317.483172,2.751472,-0.100181,20.796410,-0.245729
11.850000,-316.448514,2.647266,-0.105752,20.798911,0.048587
11.900000,-315.414343,2.537333,-0.111376,20.800697,-0.168819
11.950000,-314.380712,2.421593,-0.117055,20.802505,0.051851
12.000000,-313.347670,2.299990,-0.122803,20.803857,-0.129872
12.050000,-312.315269,2.172456,-0.128626,20.805069,-0.095976
12.100000,-311.283566,2.038892,-0.134524,20.806690,0.300769
12.150000,-310.252619,1.899191,-0.140510,20.807352,-0.413967
12.200000,-309.222485,1.753267,-0.146598,20.808646,0.272899
12.250000,-308.193223,1.601032,-0.152802,20.809466,0.217802
12.300000,-307.164896,1.442380,-0.159124,20.810275,0.353603
12.350000,-306.137574,1.277187,-0.165565,20.810712,0.320565
12.400000,-305.111324,1.105340,-0.172129,20.810798,-0.282032
12.450000,-304.086215,0.926732,-0.178824,20.811151,-0.043765
12.500000,-303.062314,0.741259,-0.185647,20.811157,-0.106649
12.550000,-302.039695,0.548808,-0.192594,20.811840,0.292819
12.600000,-301.018436,0.349264,-0.199664,20.811150,-0.158937
12.650000,-299.998609,0.142531,-0.206846,20.811248,-0.112011
12.700000,-298.980285,-0.071476,-0.214129,20.811030,-0.249635
12.750000,-297.963539,-0.292825,-0.221494,20.811033,-0.258877
12.800000,-296.948434,-0.521569,-0.228915,20.811390,0.028592
12.850000,-295.935034,-0.757719,-0.236350,20.810711,-0.100528
12.900000,-294.923385,-1.001251,-0.243756,20.811254,0.772499
12.950000,-293.913543,-1.252153,-0.251123,20.810664,0.107843
13.000000,-292.905556,-1.510397,-0.258434,20.810660,-0.227311
13.050000,-291.899472,-1.775951,-0.265681,20.810747,-0.269679
13.100000,-290.895331,-2.048763,-0.272863,20.810870,0.402771
13.150000,-289.893165,-2.328758,-0.279980,20.810827,0.375945
13.200000,-288.893011,-2.615869,-0.287033,20.811154,-0.000191
13.250000,-287.894907,-2.910039,-0.294026,20.811201,0.112183
13.300000,-286.898888,-3.211211,-0.300965,20.810797,-0.130318
13.350000,-285.904989,-3.519322,-0.307862,20.810701,-0.198563
13.400000,-284.913238,-3.834316,-0.314725,20.811335,-0.173302
13.450000,-283.923665,-4.156116,-0.321541,20.811344,-0.153038
13.500000,-282.936297,-4.484650,-0.328300,20.811783,-0.177722
13.550000,-281.951175,-4.819887,-0.335031,20.811757,0.093365
13.600000,-280.968341,-5.161802,-0.341753,20.811989,-0.062281
13.650000,-279.987847,-5.510388,-0.348484,20.812205,0.238786
13.700000,-279.009738,-5.865631,-0.355236,20.812126,-0.091135
13.750000,-278.034061,-6.227513,-0.362018,20.812459,0.281303
13.800000,-277.060860,-6.596017,-0.368825,20.812949,0.256855
13.850000,-276.090186,-6.971133,-0.375647,20.812696,0.090809
13.900000,-275.122071,-7.352816,-0.382450,20.812696,-0.070081
13.950000,-274.156539,-7.741000,-0.389203,20.812327,-0.249373
14.000000,-273.193623,-8.135647,-0.395913,20.813010,0.247065
14.050000,-272.233358,-8.536721,-0.402577,20.813140,-0.069388
14.100000,-271.275784,-8.944194,-0.409199,20.813574,0.348688
14.150000,-270.320928,-9.358014,-0.415780,20.813917,-0.373745
14.200000,-269.368816,-9.778118,-0.422330,20.813240,0.072014
14.250000,-268.419466,-10.204445,-0.428844,20.813840,0.178107
14.300000,-267.472904,-10.636945,-0.435314,20.813579,-0.159147
14.350000,-266.529154,-11.075567,-0.441740,20.813733,0.036328
14.400000,-265.588209,-11.520206,-0.448087,20.814120,-0.080636
14.450000,-264.650062,-11.970748,-0.454337,20.814439,-0.102675
14.500000,-263.714728,-12.427130,-0.460510,20.814790,-0.296335
14.550000,-262.782234,-12.889313,-0.466629,20.814950,-0.220813
14.600000,-261.852606,-13.357257,-0.472712,20.815190,-0.052884
14.650000,-260.925862,-13.830912,-0.478778,20.815286,0.122679
14.700000,-260.002020,-14.310225,-0.484842,20.815967,0.115077
14.750000,-259.081101,-14.795150,-0.490904,20.815797,-0.076438
14.800000,-258.163138,-15.285661,-0.496958,20.815955,0.101690
14.850000,-257.248156,-15.781729,-0.502996,20.816335,-0.174768
14.900000,-256.336174,-16.283307,-0.509016,20.816325,0.032038
14.950000,-255.427177,-16.790296,-0.514972,20.816294,0.048436
15.000000,-254.521146,-17.302594,-0.520824,20.816137,-0.242509
15.050000,-253.618093,-17.820150,-0.526595,20.817179,0.053748
15.100000,-252.718036,-18.342920,-0.532303,20.817562,-0.232638
15.150000,-251.820993,-18.870862,-0.537966,20.817219,-0.056516
15.200000,-250.926968,-19.403919,-0.543597,20.817889,0.224112
15.250000,-250.035965,-19.942032,-0.549209,20.817843,0.073795
15.300000,-249.147997,-20.485152,-0.554802,20.817823,0.368074
15.350000,-248.263071,-21.033238,-0.560365,20.818214,-0.351132
15.400000,-247.381204,-21.586247,-0.565898,20.818024,-0.170012
15.450000,-246.502394,-22.144121,-0.571395,20.818893,0.321720
15.500000,-245.626643,-22.706806,-0.576850,20.818702,0.163407
15.550000,-244.753950,-23.274240,-0.582253,20.818934,0.238471
15.600000,-243.884317,-23.846370,-0.587598,20.818930,-0.185848
15.650000,-243.017737,-24.423133,-0.592880,20.819607,-0.096465
15.700000,-242.154198,-25.004461,-0.598100,20.819708,-0.088505
15.750000,-241.293689,-25.590283,-0.603254,20.820110,0.353859
15.800000,-240.436202,-26.180536,-0.608344,20.819959,-0.130643
15.850000,-239.581722,-26.775157,-0.613367,20.820332,-0.072405
15.900000,-238.730240,-27.374082,-0.618333,20.820320,0.195555
15.950000,-237.881739,-27.977244,-0.623243,20.821269,0.392678
16.000000,-237.036211,-28.584586,-0.628103,20.820954,-0.004556
16.050000,-236.193646,-29.196052,-0.632914,20.821291,-0.258153
16.100000,-235.354040,-29.811591,-0.637683,20.821645,0.280049
16.150000,-234.517380,-30.431148,-0.642413,20.821608,0.121399
16.200000,-233.683660,-31.054674,-0.647105,20.821691,0.048610
16.250000,-232.852874,-31.682123,-0.651762,20.822012,-0.021895
16.300000,-232.025017,-32.313450,-0.656384,20.822225,0.082344
16.350000,-231.200082,-32.948608,-0.660969,20.822974,0.451701
16.400000,-230.378065,-33.587555,-0.665520,20.822636,0.038019
16.450000,-229.558955,-34.230239,-0.670032,20.823097,0.084707
16.500000,-228.742743,-34.876616,-0.674503,20.823414,0.170434
16.550000,-227.929421,-35.526638,-0.678931,20.823680,0.611816
16.600000,-227.118975,-36.180258,-0.683314,20.823501,-0.184088
16.650000,-226.311393,-36.837426,-0.687650,20.823512,-0.033381
16.700000,-225.506655,-37.498090,-0.691935,20.824469,-0.454956
16.750000,-224.704749,-38.162202,-0.696173,20.824215,-0.276220
16.800000,-223.905719,-38.829779,-0.700423,20.823698,-1.438256
16.850000,-223.109604,-39.500839,-0.704719,20.824845,0.785331
16.900000,-222.316379,-40.175327,-0.709006,20.824775,0.271110
16.950000,-221.526004,-40.853162,-0.713247,20.824276,0.008266
17.000000,-220.738418,-41.534251,-0.717411,20.824933,-0.027763
17.050000,-219.953588,-42.218525,-0.721468,20.825029,0.173531
17.100000,-219.171482,-42.905927,-0.725394,20.824915,0.082895
17.150000,-218.392055,-43.596384,-0.729196,20.825314,-0.296524
17.200000,-217.615253,-44.289810,-0.732894,20.825892,-0.060229
17.250000,-216.841093,-44.986198,-0.736575,20.825841,-0.199380
17.300000,-216.069620,-45.685568,-0.740296,20.825828,0.097365
17.350000,-215.300808,-46.387876,-0.744010,20.826126,0.080724
17.400000,-214.534607,-47.093046,-0.747701,20.825969,-0.220002
17.450000,-213.770953,-47.800988,-0.751355,20.826631,-0.244998
17.500000,-213.009821,-48.511653,-0.754944,20.826283,-0.194368
17.550000,-212.251209,-49.225020,-0.758447,20.826560,-0.077964
17.600000,-211.495172,-49.941128,-0.761945,20.826810,-0.362931
17.650000,-210.741742,-50.659987,-0.765499,20.827184,0.171329
17.700000,-209.990875,-51.381532,-0.769052,20.826829,0.280697
17.750000,-209.242523,-52.105698,-0.772564,20.828047,0.292240
17.800000,-208.496643,-52.832418,-0.776006,20.828138,-0.048374
17.850000,-207.753272,-53.561709,-0.779429,20.827435,-0.169520
17.900000,-207.012457,-54.293598,-0.782867,20.828238,0.431699
17.950000,-206.274151,-55.028027,-0.786250,20.827719,0.168023
18.000000,-205.538272,-55.764896,-0.789552,20.827678,-0.264171
18.050000,-204.804729,-56.504101,-0.792751,20.827566,0.220882
18.100000,-204.073548,-57.245655,-0.795903,20.828635,0.260600
18.150000,-203.344790,-57.989595,-0.799045,20.828234,-0.148501
18.200000,-202.618400,-58.735857,-0.802123,20.828250,0.284108
18.250000,-201.894277,-59.484330,-0.805131,20.828182,-0.259910
18.300000,-201.172405,-60.234986,-0.808137,20.828880,-0.092616
18.350000,-200.452839,-60.987857,-0.811165,20.829188,0.316009
18.400000,-199.735563,-61.742916,-0.814127,20.828442,0.011627
18.450000,-199.020497,-62.500078,-0.817007,20.828717,0.030323
18.500000,-198.307612,-63.259307,-0.819890,20.829429,0.365625
18.550000,-197.596940,-64.020611,-0.822803,20.829231,-0.080086
18.600000,-196.888470,-64.783970,-0.825645,20.829186,-0.112177
18.650000,-196.182142,-65.549323,-0.828390,20.829337,-0.150660
18.700000,-195.477937,-66.316635,-0.831133,20.829501,0.214924
18.750000,-194.775858,-67.085901,-0.833910,20.829689,-0.060483
18.800000,-194.075886,-67.857089,-0.836618,20.830289,0.537044
18.850000,-193.377974,-68.630148,-0.839224,20.829807,-0.541632
18.900000,-192.682108,-69.405057,-0.841824,20.829876,0.007349
18.950000,-191.988293,-70.181806,-0.844461,20.830161,0.377593
19.000000,-191.296498,-70.960359,-0.847037,20.830328,0.300051
19.050000,-190.606771,-71.740750,-0.849607,20.829846,0.049349
19.100000,-189.919114,-72.522968,-0.852220,20.830364,0.373071
19.150000,-189.233424,-73.306919,-0.854786,20.830564,-0.149437
19.200000,-188.549732,-74.092615,-0.857336,20.829981,0.119166
19.250000,-187.868067,-74.880075,-0.859891,20.830408,-0.047679
19.300000,-187.188349,-75.669221,-0.862353,20.830131,0.018654
19.350000,-186.510566,-76.460040,-0.864778,20.831874,1.442696
19.400000,-185.834713,-77.252507,-0.867201,20.830292,0.131258
19.450000,-185.160699,-78.046543,-0.869515,20.830460,-0.274172
19.500000,-184.488538,-78.842154,-0.871773,20.830704,0.100226
19.550000,-183.818221,-79.639325,-0.874025,20.831260,0.313537
19.600000,-183.149641,-80.437958,-0.876183,20.830741,-0.268732
19.650000,-182.482805,-81.238054,-0.878306,20.831362,-0.105049
19.700000,-181.817730,-82.039616,-0.880440,20.831028,0.084549
19.750000,-181.154325,-82.842567,-0.882493,20.831543,0.078369
19.800000,-180.492610,-83.646916,-0.884533,20.831177,-0.113739
19.850000,-179.832594,-84.452661,-0.886608,20.831430,-0.090725
19.900000,-179.174312,-85.259827,-0.888721,20.830875,-0.370308
19.950000,-178.517804,-86.068438,-0.890885,20.831253,0.047899
20.000000,-177.862954,-86.878399,-0.892985,20.831699,-0.176670
20.050000,-177.209753,-87.689694,-0.895063,20.831365,-0.033829
20.100000,-176.558210,-88.502323,-0.897137,20.831467,0.383296
20.150000,-175.908247,-89.316221,-0.899083,20.831682,0.251516
20.200000,-175.259878,-90.131396,-0.900964,20.831622,-0.293046
20.250000,-174.613085,-90.947823,-0.902840,20.831771,0.165606
20.300000,-173.967866,-91.765499,-0.904721,20.832691,0.958320
20.350000,-173.324253,-92.584437,-0.906621,20.831594,-0.223111
20.400000,-172.682248,-93.404638,-0.908535,20.832204,0.674300
20.450000,-172.041830,-94.226080,-0.910475,20.832358,0.731787
20.500000,-171.402850,-95.048642,-0.912307,20.831736,-0.171626
20.550000,-170.765305,-95.872319,-0.914066,20.831786,-0.361589
20.600000,-170.129205,-96.697116,-0.915783,20.832099,-0.108318
20.650000,-169.494569,-97.523044,-0.917463,20.831926,-0.214907
20.700000,-168.861390,-98.350092,-0.919142,20.831776,-0.173465
20.750000,-168.229635,-99.178232,-0.920827,20.832290,0.073585
20.800000,-167.599285,-100.007444,-0.922528,20.832274,0.230843
20.850000,-166.970210,-100.837629,-0.924106,20.832241,-0.182395
20.900000,-166.342415,-101.668784,-0.925614,20.832311,0.147174
20.950000,-165.715894,-102.500904,-0.927101,20.832150,-0.044292
21.000000,-165.090667,-103.333998,-0.928578,20.831942,-0.186946
21.050000,-164.466751,-104.168078,-0.930074,20.832746,0.436438
21.100000,-163.844142,-105.003137,-0.931596,20.832112,0.067488
21.150000,-163.222826,-105.839160,-0.933157,20.832291,0.017443
21.200000,-162.602803,-106.676144,-0.934732,20.832540,0.085025
21.250000,-161.984087,-107.514098,-0.936315,20.832340,-0.287224
21.300000,-161.366677,-108.353016,-0.937882,20.832769,0.389015
21.350000,-160.750551,-109.192879,-0.939433,20.832612,0.268480
21.400000,-160.135543,-110.033566,-0.940831,20.833324,0.972855
21.450000,-159.521628,-110.875051,-0.942120,20.832743,-0.765554
21.500000,-158.908800,-111.717327,-0.943344,20.832696,-0.148905
21.550000,-158.297072,-112.560403,-0.944521,20.832508,-0.157219
21.600000,-157.686444,-113.404281,-0.945698,20.832931,0.593840
21.650000,-157.076890,-114.248935,-0.946899,20.832625,0.471352
21.700000,-156.468397,-115.094357,-0.948145,20.832816,-0.039406
21.750000,-155.860975,-115.940549,-0.949415,20.832785,-0.001675
21.800000,-155.254649,-116.787530,-0.950708,20.832519,-0.295838
21.850000,-154.649420,-117.635295,-0.952010,20.833227,0.203023
21.900000,-154.045272,-118.483834,-0.953326,20.833028,-0.168291
21.950000,-153.442194,-119.333133,-0.954625,20.832950,0.100554
22.000000,-152.840186,-120.183192,-0.955901,20.832713,0.150509
22.050000,-152.239230,-121.033996,-0.957131,20.832664,-0.261485
22.100000,-151.639299,-121.885525,-0.958327,20.833013,0.301821
22.150000,-151.040350,-122.737748,-0.959470,20.832881,0.347517
22.200000,-150.442357,-123.590645,-0.960570,20.833002,0.099959
22.250000,-149.845292,-124.444192,-0.961612,20.832887,0.361215
22.300000,-149.249129,-125.298373,-0.962618,20.832900,0.079958
22.350000,-148.653829,-126.153158,-0.963582,20.833327,0.220256
22.400000,-148.059367,-127.008527,-0.964523,20.832994,-0.104615
22.450000,-147.465724,-127.864465,-0.965434,20.832935,-0.028359
22.500000,-146.873034,-128.721063,-0.966457,20.833051,-0.177289
22.550000,-146.281285,-129.578314,-0.967534,20.833615,0.302593
22.600000,-145.690446,-130.436194,-0.968617,20.833088,0.017664
22.650000,-145.100461,-131.294660,-0.969691,20.832927,0.037688
22.700000,-144.511278,-132.153679,-0.970709,20.832829,-0.170980
22.750000,-143.922885,-133.013242,-0.971651,20.833420,-0.136749
22.800000,-143.335263,-133.873334,-0.972497,20.833826,0.220115
22.850000,-142.748362,-134.733920,-0.973275,20.833183,-0.297168
22.900000,-142.162118,-135.594951,-0.973987,20.833002,0.087684
22.950000,-141.576497,-136.456410,-0.974656,20.833868,0.644586
23.000000,-140.991485,-137.318283,-0.975279,20.833427,0.058576
23.050000,-140.407076,-138.180565,-0.975893,20.833417,0.280487
23.100000,-139.823244,-139.043238,-0.976503,20.833304,0.339628
23.150000,-139.239980,-139.906297,-0.977139,20.833130,-0.246440
23.200000,-138.657293,-140.769746,-0.977789,20.833606,0.239882
23.250000,-138.075351,-141.633696,-0.978591,20.833045,-0.274410
23.300000,-137.494167,-142.498158,-0.979482,20.833396,-0.111414
23.350000,-136.913724,-143.363120,-0.980405,20.834310,1.090835
23.400000,-136.333972,-144.228543,-0.981333,20.833190,0.100769
23.450000,-135.754871,-145.094401,-0.982205,20.833433,0.347820
23.500000,-135.176413,-145.960689,-0.982994,20.833250,-0.420514
23.550000,-134.598568,-146.827388,-0.983669,20.833438,0.015040
23.600000,-134.021278,-147.694457,-0.984255,20.833279,-0.301725
23.650000,-133.444460,-148.561844,-0.984751,20.833618,-0.417100
23.700000,-132.868229,-149.429619,-0.985309,20.832999,-0.163452
23.750000,-132.292569,-150.297775,-0.985876,20.833633,0.354877
23.800000,-131.717431,-151.166279,-0.986416,20.833390,-0.150045
23.850000,-131.142728,-152.035072,-0.986941,20.833511,0.266004
23.900000,-130.568386,-152.904105,-0.987416,20.833669,0.190493
23.950000,-129.994410,-153.773381,-0.987833,20.833750,-0.121249
24.000000,-129.420803,-154.642899,-0.988175,20.833098,-0.081096
24.050000,-128.847533,-155.512641,-0.988484,20.833162,-0.280340
24.100000,-128.274542,-156.382571,-0.988772,20.833788,0.090975
24.150000,-127.701975,-157.252779,-0.989187,20.833515,-0.031794
24.200000,-127.129857,-158.123284,-0.989667,20.834208,0.479457
24.250000,-126.558183,-158.994080,-0.990164,20.833623,-0.045060
24.300000,-125.986887,-159.865122,-0.990679,20.833615,0.019977
24.350000,-125.415907,-160.736372,-0.991163,20.833443,-0.040205
24.400000,-124.845255,-161.607836,-0.991592,20.833689,-0.040714
24.450000,-124.274936,-162.479520,-0.991931,20.833334,-0.282391
24.500000,-123.705071,-163.351501,-0.992341,20.833374,-0.109361
24.550000,-123.135595,-164.223739,-0.992776,20.833764,-0.370137
24.600000,-122.566450,-165.096193,-0.993178,20.834065,0.567273
24.650000,-121.997581,-165.968827,-0.993532,20.833653,-0.044431
